provider_name,about_organizer,price,address,phone,region,city
Caricaturiste,Information non trouvée,399 euros,"18, rue Pougère Chadrat  63450 ST SATURNIN",['Tél. : 0609823969'],Île-de-France,Paris
BandSound - Orchestre Live,Information non trouvée,1100,150 Impasse des Chênes  07150 LABASTIDE-DE-VIRAC,['Tél. : 0624483913'],Île-de-France,Paris
Traiteur barbecue argentin,Information non trouvée,35 euros,6 passage Lavoisier  69300 CALUIRE-ET-CUIRE,['Tél. : 06 07 26 56 84'],Île-de-France,Paris
L'animation silhouettiste : Transformez votre événement en un moment inoubliable,Information non trouvée,300,34 rue des tables claudiennes  69001 LYON,[],Île-de-France,Paris
Caricatures évènements d'entreprises,Information non trouvée,,,[],Île-de-France,Paris
Spectacle déambulatoire cirque : bOOst,Information non trouvée,,63230 PONTGIBAUD,['Tél. : 0630371426'],Île-de-France,Paris
Déambulation échassiers blancs,Information non trouvée,,63230 PONTGIBAUD,['Tél. : 0630371426'],Île-de-France,Paris
L'animation dansante,Information non trouvée,400,Issoire  63500 ISSOIRE,['Tél. : 0631543119'],Île-de-France,Paris
Entre Nous Show Live (ENSL),Information non trouvée,Sur demande / adaptable,99 avenue des Pins  Pavillon 10,['Tél. : 0689861871'],Île-de-France,Paris
Signature,Information non trouvée,3900 €,99 avenue des Pins  Pavillon 10,['Tél. : 0689861871'],Île-de-France,Paris
Electrique Circus,Information non trouvée,1000,99 avenue des Pins  Pavillon 10,['Tél. : 0689861871'],Île-de-France,Paris
Spectacles vivants et animation de repas,Information non trouvée,250 euros,8 route de Ginestas  Clos de la bascule,['Tél. : 0681400314'],Île-de-France,Paris
Team Building magique,Information non trouvée,1500,3 bis rue de la roseraie  3 BIS,['Tél. : +33677596377'],Île-de-France,Paris
Spectacle : Back to 1930,Information non trouvée,,,['Tél. : 06 27 49 43 31'],Île-de-France,Paris
Y-Lanta,Information non trouvée,30€,4 rue Saint François de Sales  74000 ANNECY,['Tél. : 0951613143'],Île-de-France,Paris
Murder Party,Information non trouvée,30,4 rue Saint François de Sales  74000 ANNECY,['Tél. : 0951613143'],Île-de-France,Paris
"Organisation de vos évènements privés (mariage, anniversaire etc...)",Information non trouvée,,,['Tél. : 0684931808'],Île-de-France,Paris
Organisation de votre mariage,Information non trouvée,2000€,25 rue Frédéric Mistral  69300 CALUIRE ET CUIRE,['Tél. : 0684931808'],Île-de-France,Paris
Organisation de vos évènements professionnels,Information non trouvée,,,['Tél. : 0684931808'],Île-de-France,Paris
Animation sucette pour Particuliers et Entreprises,Information non trouvée,,,['Tél. : 0652313326'],Île-de-France,Paris
Animation caricature,Information non trouvée,500,438 avenue edouard Herriot  73800 MONTMELIAN,['Tél. : 0663543061'],Île-de-France,Paris
"Spectacle ""Frontière"" de magie et mentalisme",Information non trouvée,,,['Tél. : 0632548996'],Île-de-France,Paris
Conception stand pour salon professionnel,Information non trouvée,Sur devis,133 Chemin de Beauversant  69230 SAINT-GENIS-LAVAL,['Tél. : 0428296388'],Île-de-France,Paris
Location et vente écran géant LED,Information non trouvée,Devis sur demande - prix variable selon lieu/taille de l'écran/durée,133 Chemin de Beauversant  69230 SAINT-GENIS-LAVAL,['Tél. : 0428296388'],Île-de-France,Paris
Animation accordéon New Guinguette - Swing,Information non trouvée,,,['Tél. : 0660540778'],Île-de-France,Paris
​Vos boissons à présenter à vos invités de manière inédite et originale,Information non trouvée,845€,157 Chemin Saint-Martin  73240 CHAMPAGNEUX,['Tél. : 0624018207'],Île-de-France,Paris
L'essentiel,Information non trouvée,750,Clos les Sarrazins  69620 LEGNY,['Tél. : 0660964475'],Île-de-France,Paris
Escape game mobil et éphémère,Information non trouvée,,,['Tél. : 0688494870'],Île-de-France,Paris
Master Class à distance,Information non trouvée,39 € /pers.,"10, rue Albert Samain  74000 ANNECY",['Tél. : 0672611229'],Île-de-France,Paris
Le biathlon dans la peau avec Altitude biathlon,Information non trouvée,50€,78 ROUTE DE L'ÉCHAUD  MAISON 3,['Tél. : 0687111164'],Île-de-France,Paris
Erika V. animation d'événements,Information non trouvée,,,['Tél. : 0638705197'],Île-de-France,Paris
Virtual Team Booster en distanciel,Information non trouvée,€39,10 Rue Albert Samain  74000 ANNECY,['Tél. : 0672611229'],Île-de-France,Paris
Animation musicale avec reprises acoustiques,Information non trouvée,300,21 rue elie Cartan  38110,['Tél. : 0474808169'],Île-de-France,Paris
Erika V. Créatrice d'ambiance,Information non trouvée,900€,"2 Rue de l'Église,  42600 MONTBRISON",['Tél. : 0638705197'],Île-de-France,Paris
Erika V. Organisateur d'événements,Information non trouvée,1500€,2 Rue de l'Église  42600 MONTBRISON,['Tél. : 0638705197'],Île-de-France,Paris
City Explorer,Information non trouvée,dégressif à partir de €69/personne,10 Rue Albert Samain  74000 ANNECY,['Tél. : 0672611229'],Île-de-France,Paris
Mount Everest Challenge,Information non trouvée,dégressif à partir de €69/personne,10 Rue Albert Samain  74000 ANNECY,['Tél. : 0672611229'],Île-de-France,Paris
Escape Game digital,Information non trouvée,dégressif à partir de €69/personne,10 Rue Albert Samain  74000 ANNECY,['Tél. : 0672611229'],Île-de-France,Paris
Amazing Race,Information non trouvée,dégressif à partir de €69/personne,10 Rue Albert Samain  74000 ANNECY,['Tél. : 0672611229'],Île-de-France,Paris
Photographe Evénementiel d'Entreprise,Information non trouvée,,,['Tél. : 06 03 68 35 42'],Île-de-France,Paris
Osez le golf,Information non trouvée,1000e ht,17 rue de la bannière  69003 LYON,['Tél. : 0671284709'],Île-de-France,Paris
Anniversaires enfants,Information non trouvée,145,55 route de jonage  69330 PUSIGNAN,['Tél. : 0686846987'],Île-de-France,Paris
Spectacle : le chasseur de dragons,Information non trouvée,,,['Tél. : 06.29.49.61.12'],Île-de-France,Paris
Animation Bar à Cocktail Soirée Entreprise Lyon - Fin Pallet,Information non trouvée,"3,5",6 rue Dumenge  69004 LYON,['Tél. : 0780907810'],Île-de-France,Paris
Animation mariage originale Lyon - Bar à Cocktails Fin Pallet,Information non trouvée,"3,5",6 rue Dumenge  69004 LYON,['Tél. : 0780907810'],Île-de-France,Paris
Bar a cocktail innovant pour soirée d'entreprise à Lyon,Information non trouvée,"3,5",6 rue Dumenge  69004 LYON,['Tél. : 0780907810'],Île-de-France,Paris
Photographe région Auvergne-Rhône-Alpes,Information non trouvée,200€,PRÉ JOLI  69210 LENTILLY,['Tél. : 0672950831'],Île-de-France,Paris
Photographe bébé Lyon,Information non trouvée,100 €,120 allée de la versanne  01390 CIVRIEUX,['Tél. : 04 78 98 34 12'],Île-de-France,Paris
Reportage photo de Baptême,Information non trouvée,89€,rue Abbé Grégoire  38000 GRENOBLE,['Tél. : 0609323608'],Île-de-France,Paris
Location Borne à Selfie,Information non trouvée,190€,rue Abbé Grégoire  38000 GRENOBLE,['Tél. : 0609323608'],Île-de-France,Paris
Déambulation fantastique : Harpies ! - Echassières ailées,Information non trouvée,,63230 PONTGIBAUD,['Tél. : 0630371426'],Île-de-France,Paris
Déambulation féerique Le peuple de Moriquendi,Information non trouvée,,63230 PONTGIBAUD,['Tél. : 0630371426'],Île-de-France,Paris
Animation musicale de qualité,Information non trouvée,,,['Tél. : 0613540070'],Île-de-France,Paris
Location & Vente de matériels audiovisuels et tactiles,Information non trouvée,99,51 Avenue Jean Jaures  69007 LYON,['Tél. : 0967154686'],Île-de-France,Paris
Photographe de mariages,Information non trouvée,390,80 passage Montjoux  74170 SAINT-GERVAIS-LES-BAINS,['Tél. : 0634901495'],Île-de-France,Paris
DJ Animateur Musicien Pro - Vidéo,Information non trouvée,690€,"47, rue Victor Hugo  42700 FIRMINY",['Tél. : 0623410995'],Île-de-France,Paris
Petit manège enfants de 20 places à louer,Information non trouvée,130,540 route d'Alixan  26300 CHÂTEAUNEUF-SUR-ISÈRE,['Tél. : 0475718955'],Île-de-France,Paris
Spectacle cabaret avec chanteurs et chanteuses,Information non trouvée,400 euros,"8 route de Ginestas,  11120 MIREPEISSET",['Tél. : 0681400314'],Île-de-France,Paris
Animations musicale de vos repas,Information non trouvée,300 euros,"8 route de Ginestas,  11120 MIREPEISSET",['Tél. : 0681400314'],Île-de-France,Paris
Les Nymphéas,Information non trouvée,1 500 € HT environ,c/o Sur Mesure Spectacles  58 Chemin du Murger à Jamais,['Tél. : 06 63 08 25 53'],Île-de-France,Paris
Commande de portraits,Information non trouvée,,,['Tél. : 0601779499'],Île-de-France,Paris
Animations ludiques,Information non trouvée,,,['Tél. : 0679476200'],Île-de-France,Paris
Location écran géant Lyon Rhone-Alpes,Information non trouvée,1500HT,15 boulevard des oiseaux  15 boulevard des oiseaux,['Tél. : 0613926069'],Île-de-France,Paris
Organisation de lancements de produits,Information non trouvée,,,['Tél. : 0682149145'],Île-de-France,Paris
Opérette : Un Trésor Beaujolais,Information non trouvée,1200 euros,31 rue Lamartine  69380 CHAZAY D'AZERGUES,['Tél. : 0478436962'],Île-de-France,Paris
Organisation d'inauguration,Information non trouvée,,,['Tél. : 0682149145'],Île-de-France,Paris
"Activités ludiques, sportives et culturelles - Team building",Information non trouvée,,,['Tél. : 0682149145'],Île-de-France,Paris
Spectacle de feu - Ajna - Duo enflammé,Information non trouvée,,63230 PONTGIBAUD,['Tél. : 0630371426'],Île-de-France,Paris
Animation de rue de Noël : déambulation féerique,Information non trouvée,660,Mairie  Rue de l'hôtel de ville,['Tél. : 0630371426'],Île-de-France,Paris
"Echassiers, jongleurs, musiciens : animation de rues",Information non trouvée,,63230 PONTGIBAUD,['Tél. : 0630371426'],Île-de-France,Paris
Spectacle de Noél,Information non trouvée,,63230 PONTGIBAUD,['Tél. : 0630371426'],Île-de-France,Paris
Solutions Internet Temporaires,Information non trouvée,99,9 quai André Lassagne  69001 LYON,['Tél. : 0428280528'],Île-de-France,Paris
Spectacle de danses - Danses du Monde et Urbaines,Information non trouvée,150 euros,des cerisiers  69001 LYON,['Tél. : 0614186382'],Île-de-France,Paris
"Animation caricature pour salons, mariages, repas d'entreprise, etc",Information non trouvée,,,['Tél. : 0601779499'],Île-de-France,Paris
"Spectacles de rue concert, comédie et cirque",Information non trouvée,2000,100 impasse des fayolles  03310 DURDAT LAREQUILLE,['Tél. : 0628530316'],Île-de-France,Paris
Maquillages enfants,Information non trouvée,250€,9 rue du 8 mai 1945  11560 FLEURY D AUDE,['Tél. : 0688910073'],Île-de-France,Paris
Maquilleuse et coiffeuse pour votre mariage,Information non trouvée,250€,9 rue du 8 mai 1945  11560 FLEURY D'AUDE,['Tél. : 0688910073'],Île-de-France,Paris
"DJ avec chanteuse, danseuses, violoniste et chanteur",Information non trouvée,,,['Tél. : 0613926069'],Île-de-France,Paris
"Musidea, spectacles et artistes pour animer votre événement en musique et danse",Information non trouvée,,,['Tél. : 06 20 35 42 25'],Île-de-France,Paris
Spectacle Revue cabaret à thèmes pour vos événements prestigieux !,Information non trouvée,,,['Tél. : 0620354225'],Île-de-France,Paris
"Comic Fabrique, spectacle humoristique pour jeune public",Information non trouvée,,,['Tél. : 06 20 35 42 25'],Île-de-France,Paris
Soprano pour cérémonie de mariage,Information non trouvée,250 euros,31 rue Lamartine  31 rue Lamartine,['Tél. : 0688093418'],Île-de-France,Paris
Décoration de mariage,Information non trouvée,,,['Tél. : 0479358679'],Île-de-France,Paris
Décoration événementielle,Information non trouvée,,,['Tél. : 0479358679'],Île-de-France,Paris
Peinture'n Fraiche,Information non trouvée,,73000 BARBERAZ,['Tél. : 0617513529'],Île-de-France,Paris
L'Opérette en fête,Information non trouvée,230.00,31 rue Lamartine  69380 CHAZAY D'AZERGUES,['Tél. : 0478436962'],Île-de-France,Paris
Location de palmiers lumineux,Information non trouvée,,,['Tél. : 0677026707'],Île-de-France,Paris
Recherche et négociation de lieux,Information non trouvée,,,['Tél. : 0623327674'],Île-de-France,Paris
Location Mobilier,Information non trouvée,,,['Tél. : 0677026707'],Île-de-France,Paris
Location Chapiteaux,Information non trouvée,270.00,"Le travers du haut plan, impasse du haut plan  07700 SAINT MARTIN D'ARDECHE",['Tél. : 0677026707'],Île-de-France,Paris
Les Bulles de savon Géantes,Information non trouvée,600.00,22 impasse des teppes de biche  01380 BAGÉ LA VILLE,['Tél. : 0629496112'],Île-de-France,Paris
"Animation ""bulles de savon géantes""",Information non trouvée,600.00,22 impasse des teppes de biche  01380 BAGÉ LA VILLE,['Tél. : 0629496112'],Île-de-France,Paris
Organisation complète d'un mariage,Information non trouvée,,,['Tél. : 0601024927'],Île-de-France,Paris
Des déguisements en tous genres chez Déguiz fêtes,Information non trouvée,8.00,17 avenue de la paix  63830 DURTOL,['Tél. : 09 83 20 01 94'],Île-de-France,Paris
Pyrotechnie et feux d'artifices en Auvergne et dans toute la France,Information non trouvée,400.00,17 rue de l'Industrie  03300 CUSSET,['Tél. : 0470312632'],Île-de-France,Paris
Coordination d'évènements,Information non trouvée,,,['Tél. : 0470312632'],Île-de-France,Paris
Prestations Techniques pour l'événementiel,Information non trouvée,,,['Tél. : 0470312632'],Île-de-France,Paris
Ateliers maquillage,Information non trouvée,,73000 BARBERAZ,['Tél. : 0617513529'],Île-de-France,Paris
Récital-spectacle La Route des Vins,Information non trouvée,250.00,31 rue Lamartine  69380 CHAZAY D'AZERGUES,['Tél. : 0478436962'],Île-de-France,Paris
Photographe Mariage Portrait Pub Mode,Information non trouvée,,,['Tél. : 0670465601'],Île-de-France,Paris
Un magicien à votre service sur la région de Lyon,Information non trouvée,,,['Tél. : 0661534781'],Île-de-France,Paris
"Spectacle junior ""Le Clown et la Diva""",Information non trouvée,650.00,31 rue Lamartine  69380 CHAZAY D'AZERGUES,['Tél. : 0478436962'],Île-de-France,Paris
Votre film de mariage en Rhône-Alpes,Information non trouvée,500.00,21 allée des Dombes  69330 JONAGE,['Tél. : 0664432744'],Île-de-France,Paris
Animations musicales pour 400 euros,Information non trouvée,490.00,"47, rue Victor Hugo  42700 FIRMINY",['Tél. : 0623410995'],Île-de-France,Paris
Animation de soirées dansantes et festivités dans la région Rhônes-Alpes,Information non trouvée,600.00,103 rue des vignes  01090 FRANCHELEINS,['Tél. : 0474693984'],Île-de-France,Paris
Saxophoniste animation cocktail vin d'honneur rhone alpe,Information non trouvée,250.00,103 rue des vignes  01090 FRANCHELEINS,['Tél. : 0474693984'],Île-de-France,Paris
Faire-part sur mesure / unique / personnalisé / original,Information non trouvée,,,['Tél. : 0663176860'],Île-de-France,Paris
Photographe Mariage - Lyon et Rhône-Alpes,Information non trouvée,700 €,La versanne  01390 CIVRIEUX,['Tél. : 0478983412'],Île-de-France,Paris
Book photos de Lingerie - Lyon et Rhône-Alpes,Information non trouvée,150 €,La versanne  01390 CIVRIEUX,['Tél. : 0478983412'],Île-de-France,Paris
Traiteur Italien à la Carte,Information non trouvée,10,Route de Saint Rémy  13670 SAINT ANDIOL,['Tél. : 0432620089'],Provence-Alpes-Côte dAzur,Nice
Nouveau Traiteur des Mers chez Carte Traiteur Girard.,Information non trouvée,15,"13,chemin du mas lafont  13160 CHATEAURENARD",['Tél. : 06.72.11.06.26'],Provence-Alpes-Côte dAzur,Nice
Traiteur Bio : Livraison repas bio à domicile.,Information non trouvée,,,['Tél. : 0432620089'],Provence-Alpes-Côte dAzur,Nice
Organisation d'évènements et prestations d'hôtes/hôtesses,Information non trouvée,,,['Tél. : 0615237314'],Provence-Alpes-Côte dAzur,Nice
Animation sirène pour vos enfants et vous !,Information non trouvée,200 euros,652 avenue René de Knyff  83400 HYÈRES,['Tél. : 0685631104'],Provence-Alpes-Côte dAzur,Nice
Une vraie sirène pour vos évènements !,Information non trouvée,200 euros,652 avenue René de Knyff  83400 HYÈRES,['Tél. : 0685631104'],Provence-Alpes-Côte dAzur,Nice
Animation Noël,Information non trouvée,50€,311 av de montolivet  13012 MARSEILLE,['Tél. : 0491446313'],Provence-Alpes-Côte dAzur,Nice
Votre événement à l'Auberge des Pins,Information non trouvée,,,['Tél. : 0659307887'],Provence-Alpes-Côte dAzur,Nice
Restaurant à Domicile : avec Carte Girard Traiteur.,Information non trouvée,8 euros le plat.,"13,chemin du mas lafont  13160 CHATEAURENARD",['Tél. : 06.72.11.06.26'],Provence-Alpes-Côte dAzur,Nice
Plat Cuisiné Livré ? Sur Carte-Girard-Traiteur,Information non trouvée,8 euros le plat.,"13,chemin du mas lafont  13160 CHATEAURENARD",['Tél. : 06.72.11.06.26'],Provence-Alpes-Côte dAzur,Nice
Location Semi Remorque Podium,Information non trouvée,Sur devis,15D Avenue de St Andiol  13440 CABANNES,['Tél. : 0631278377'],Provence-Alpes-Côte dAzur,Nice
Danseuse Bollywood,Information non trouvée,120,avenue du Prado  13008 MARSEILLE,['Tél. : 0625873400'],Provence-Alpes-Côte dAzur,Nice
Clara Farah danseuse brésilienne,Information non trouvée,120,avenue du Prado  13008 MARSEILLE,['Tél. : 0625873400'],Provence-Alpes-Côte dAzur,Nice
"Clara Farah, danseuse orientale",Information non trouvée,120,avenue du Prado  13008 MARSEILLE,['Tél. : 0625873400'],Provence-Alpes-Côte dAzur,Nice
Danse équilibre contorsion dans une bulle final pixel Poi,Information non trouvée,,,['Tél. : 0608405845'],Provence-Alpes-Côte dAzur,Nice
Duo tissu aérien,Information non trouvée,,,['Tél. : 0608405845'],Provence-Alpes-Côte dAzur,Nice
Main a main portés acrobatique,Information non trouvée,,,['Tél. : 0608405845'],Provence-Alpes-Côte dAzur,Nice
Spectrum : spectacle de cirque acrobatique et lumineux LED,Information non trouvée,,,['Tél. : 0608405845'],Provence-Alpes-Côte dAzur,Nice
Equinoxe spectacle de cirque acrobatique et lumineux,Information non trouvée,,,[],Provence-Alpes-Côte dAzur,Nice
Anniversaire avec Leffie Burger,Information non trouvée,,,['Tél. : 07 83 33 30 03'],Provence-Alpes-Côte dAzur,Nice
Prestation danse aérienne,Information non trouvée,,,['Tél. : 0612630921'],Provence-Alpes-Côte dAzur,Nice
Magic Winter,Information non trouvée,,,['Tél. : 0494140335'],Provence-Alpes-Côte dAzur,Nice
Recherche de lieux pour vos événements,Information non trouvée,,,['Tél. : +33662861080'],Provence-Alpes-Côte dAzur,Nice
"Groupe Gipsy, se déplace partout en France.",Information non trouvée,450,240 Chemin St-Georges  13150 TARASCON,['Tél. : 0623200898'],Provence-Alpes-Côte dAzur,Nice
Vente en Ligne de Plats Cuisinés : Par Carte-Girard-Traiteur.,Information non trouvée,,,['Tél. : 0432620089'],Provence-Alpes-Côte dAzur,Nice
Organisation événement entreprise & private,Information non trouvée,,,['Tél. : 0631937789'],Provence-Alpes-Côte dAzur,Nice
Noël sur mesure,Information non trouvée,500,1 Avenue paul dalbert  13013 MARSEILLE,['Tél. : +33662861080'],Provence-Alpes-Côte dAzur,Nice
Evenement Corporate,Information non trouvée,380,1 Avenue paul dalbret  13013 MARSEILLE,['Tél. : +33662861080'],Provence-Alpes-Côte dAzur,Nice
Animation sirène,Information non trouvée,280€,Grimaud  936 chemin de Rascas,['Tél. : 0664273360'],Provence-Alpes-Côte dAzur,Nice
Ellibae la petite abeille,Information non trouvée,1500€,30 RUE YANN PIAT  83400 HYERES,['Tél. : 0494140335'],Provence-Alpes-Côte dAzur,Nice
Incentive,Information non trouvée,,,['Tél. : 0650342169'],Provence-Alpes-Côte dAzur,Nice
Venue Finder,Information non trouvée,,,['Tél. : 0650342169'],Provence-Alpes-Côte dAzur,Nice
Organisation et Programmation d'Arbres de Noël,Information non trouvée,,,['Tél. : +33675882224'],Provence-Alpes-Côte dAzur,Nice
Programmation d'Artistes et de Spectacles,Information non trouvée,,,['Tél. : +33675882224'],Provence-Alpes-Côte dAzur,Nice
Photo Booth,Information non trouvée,289,21 Rue Petite Fusterie  84000 AVIGNON,['Tél. : 06 61 85 78 08 '],Provence-Alpes-Côte dAzur,Nice
Prestation All Inclusive,Information non trouvée,329,21 Rue Petite Fusterie  84000 AVIGNON,['Tél. : 06 61 85 78 08 '],Provence-Alpes-Côte dAzur,Nice
Lasergame dans votre entreprise,Information non trouvée,990,120 avenue alphonse daudet  Maison 10,['Tél. : 0681237613'],Provence-Alpes-Côte dAzur,Nice
Souvenir souvenir,Information non trouvée,3000€,30 RUE YANN PIAT  83400 HYERES,['Tél. : 0494140335'],Provence-Alpes-Côte dAzur,Nice
Le père Noël cherche la petite bête,Information non trouvée,,,['Tél. : 0494140335'],Provence-Alpes-Côte dAzur,Nice
Sonorisation du cortège - Arrivée des mariés,Information non trouvée,150,34 impasse de la thébaide  83140 SIX-FOURS-LES-PLAGES,['Tél. : 0769078187'],Provence-Alpes-Côte dAzur,Nice
Promotion Musicale en déambulation,Information non trouvée,150,34 impasse de la thébaide  83140 SIX-FOURS-LES-PLAGES,['Tél. : 0769078187'],Provence-Alpes-Côte dAzur,Nice
Magicien enfant et magicien tout public,Information non trouvée,180 euros,N°37 rue Larmodieu  83000 TOULON,['Tél. : 0620853983'],Provence-Alpes-Côte dAzur,Nice
Organisateur d'événements,Information non trouvée,,,['Tél. : 0650342169'],Provence-Alpes-Côte dAzur,Nice
Des artistes pour vos évènements,Information non trouvée,100,133 rue saint pierre   13005 MARSEILLE,['Tél. : 0612542567'],Provence-Alpes-Côte dAzur,Nice
Evénement privé Camion Pizza,Information non trouvée,10,56 Route DE CAMARET  84850 TRAVAILLAN,['Tél. : 0782007099'],Provence-Alpes-Côte dAzur,Nice
Tribute Joe Cocker,Information non trouvée,,,['Tél. : 0768547519'],Provence-Alpes-Côte dAzur,Nice
Agence évènementielle,Information non trouvée,60€ p/personne,"10, rue de la République  13001 MARSEILLE",['Tél. : 0952515924'],Provence-Alpes-Côte dAzur,Nice
Organisation coupe de cheveux anniversaire 3 ans,Information non trouvée,300,Marseille  13005 MARSEILLE,['Tél. : 0661367487'],Provence-Alpes-Côte dAzur,Nice
Location tracteurs à pédales Marseille,Information non trouvée,600,Marseille  13005 MARSEILLE,['Tél. : 0661367487'],Provence-Alpes-Côte dAzur,Nice
Anniversaires enfants Marseille,Information non trouvée,150,Marseille  13005 MARSEILLE,['Tél. : 0661367487'],Provence-Alpes-Côte dAzur,Nice
"Animations musicales, Dj et mise en lumière",Information non trouvée,,,['Tél. : 0768547519'],Provence-Alpes-Côte dAzur,Nice
Groupe rock'n'roll,Information non trouvée,,,['Tél. : 0768547519'],Provence-Alpes-Côte dAzur,Nice
Prestations techniques pour concerts et spectacles,Information non trouvée,,,['Tél. : 0768547519'],Provence-Alpes-Côte dAzur,Nice
"Watson : quartet pop, jazzy, variétés",Information non trouvée,1000,279 chemin des bréguières  83136 STE ANASTASIE SUR ISSOLE,['Tél. : 0668232894'],Provence-Alpes-Côte dAzur,Nice
Maracudja,Information non trouvée,450 Euros TTC (2 intervenants),"Le Tilleul B, 138 Avenue Joseph BARA  83130 LA GARDE",['Tél. : 0768154001'],Provence-Alpes-Côte dAzur,Nice
Génération Podium,Information non trouvée,800 Euros TTC (3 intervenants),"Le Tilleul B, 138 Avenue Joseph BARA  83130 LA GARDE",['Tél. : 0768154001'],Provence-Alpes-Côte dAzur,Nice
Spectacle Via Brasil,Information non trouvée,750 Euros TTC (3 intervenants),"Le Tilleul B, 138 Avenue Joseph BARA  83130 LA GARDE",['Tél. : 0768154001'],Provence-Alpes-Côte dAzur,Nice
Animation pop corn pour mettre tout le monde d'accord !,Information non trouvée,269.00€,Panouse  13009 MARSEILLE,['Tél. : 0616013156'],Provence-Alpes-Côte dAzur,Nice
Tendances Production,Information non trouvée,,,['Tél. : +33675882224'],Provence-Alpes-Côte dAzur,Nice
Tendances Events,Information non trouvée,,,['Tél. : +33675882224'],Provence-Alpes-Côte dAzur,Nice
Tendances Communication,Information non trouvée,,,['Tél. : +33675882224'],Provence-Alpes-Côte dAzur,Nice
Animation de bulles de savon géantes,Information non trouvée,170,"373 av.Jean Paul Coste, bat.h  373 av.Jean Paul Coste, bat.h",['Tél. : +33664244662'],Provence-Alpes-Côte dAzur,Nice
Besoin d'une Carte Traiteur ?,Information non trouvée,10€,Rte st Rémy de Provence  13670 SAINT ANDIOL,['Tél. : 0432620089'],Provence-Alpes-Côte dAzur,Nice
Moquette éphémère,Information non trouvée,,,['Tél. : 0630290089'],Provence-Alpes-Côte dAzur,Nice
Spectacle de Noël sur Glace,Information non trouvée,1100,16 AVENUE JEAN MOULIN  06340 DRAP,['Tél. : 0679976921'],Provence-Alpes-Côte dAzur,Nice
Location écran géant,Information non trouvée,2000,5 Rue Louis Blanc  06400 CANNES,['Tél. : +33 9 82576781'],Provence-Alpes-Côte dAzur,Nice
Waow Box : projecteur d'étoiles étincelantes,Information non trouvée,1030,16 AVENUE JEAN MOULIN  06340 DRAP,['Tél. : 0679976921'],Provence-Alpes-Côte dAzur,Nice
"Gâteau surprise géant, Chérie on the cake",Information non trouvée,470,16 AVENUE JEAN MOULIN  06340 DRAP,['Tél. : 0679976921'],Provence-Alpes-Côte dAzur,Nice
Animation DJ pour soirée,Information non trouvée,,13007 MARSEILLE,['Tél. : +33491319501'],Provence-Alpes-Côte dAzur,Nice
"Besoin d'une salle pour réunir vos collaborateurs, ou Clients dans le Var (83) ?",Information non trouvée,,,['Tél. : 0644167523'],Provence-Alpes-Côte dAzur,Nice
Organisation d'événement - mariage,Information non trouvée,600,Quartier le château  84220 LIOUX,['Tél. : 0683041037'],Provence-Alpes-Côte dAzur,Nice
Repas de Groupes et Banquets - Spécialiste des Fruits de Mer,Information non trouvée,35 € boissons incluses,"46, Bd Albert 1er  06600 ANTIBES",['Tél. : 04 93 34 33 54'],Provence-Alpes-Côte dAzur,Nice
"Location baby foot, billards, etc",Information non trouvée,150,311 av de montolivet  13012 MARSEILLE,['Tél. : 0491446313'],Provence-Alpes-Côte dAzur,Nice
Visitez le site Traiteur Saint-Raphaël,Information non trouvée,,,['Tél. : 06.72.11.06.26'],Provence-Alpes-Côte dAzur,Nice
Traiteur à Peyrolles en Provence aux idées novatrices.,Information non trouvée,50€,"13,chemin du mas lafont  13160 CHATEAURENARD",['Tél. : 04 32 62 00 89'],Provence-Alpes-Côte dAzur,Nice
Besoin d'un traiteur à Gardanne ?,Information non trouvée,,,['Tél. : 0432620089'],Provence-Alpes-Côte dAzur,Nice
Officiant de cérémonie Laïque,Information non trouvée,500.00,"246, Route de Boulbon  13150 TARASCON",['Tél. : 0630356058'],Provence-Alpes-Côte dAzur,Nice
Join the Circus,Information non trouvée,,,['Tél. : 0033679976921'],Provence-Alpes-Côte dAzur,Nice
Patinage artistique pour l'événementiel,Information non trouvée,,,['Tél. : 0679976921'],Provence-Alpes-Côte dAzur,Nice
Service traiteur à Aix en Provence,Information non trouvée,60€,"13,chemin du mas lafont  13160 CHATEAURENARD",['Tél. : 06.72.11.06.26'],Provence-Alpes-Côte dAzur,Nice
Valorisez votre lieu d'événement - salle de location : Clip!,Information non trouvée,,,['Tél. : 0626682527'],Provence-Alpes-Côte dAzur,Nice
Filmer vos évènements,Information non trouvée,,,['Tél. : 0624492642'],Provence-Alpes-Côte dAzur,Nice
Un film pour animer votre congrès,Information non trouvée,,,['Tél. : 0624492642'],Provence-Alpes-Côte dAzur,Nice
Clip salon à diffuser sur votre stand,Information non trouvée,,,['Tél. : 0624492642'],Provence-Alpes-Côte dAzur,Nice
Communiquer par l'image,Information non trouvée,,,['Tél. : 0624492642'],Provence-Alpes-Côte dAzur,Nice
Un film à votre image,Information non trouvée,,,['Tél. : 0624492642'],Provence-Alpes-Côte dAzur,Nice
"Maquillage pour enfant, Mascotte, Sculpture ballons",Information non trouvée,200 €,"D5, Le Pontet  Lieu-dit Lauriasse",['Tél. : 0492733107'],Provence-Alpes-Côte dAzur,Nice
Séminaire d'Entreprise,Information non trouvée,,,['Tél. : 0650342169'],Provence-Alpes-Côte dAzur,Nice
Location décoration et mobilier,Information non trouvée,,,['Tél. : 0661757721'],Provence-Alpes-Côte dAzur,Nice
Vins et Champagnes de prestige pour vos évènements,Information non trouvée,,,['Tél. : 0426845709'],Provence-Alpes-Côte dAzur,Nice
Paëlla de Réception Cuisinée à Domicile,Information non trouvée,15.00,"13,chemin du mas lafont  13160 CHATEAURENARD",['Tél. : 06.72.11.06.26'],Provence-Alpes-Côte dAzur,Nice
Location chaise Josephine argent,Information non trouvée,5.50,16 av Edouard Grinda  06200 NICE,['Tél. : 04 93 53 26 26'],Provence-Alpes-Côte dAzur,Nice
Location chaise Napoleon,Information non trouvée,5.00,16 av Edouard Grinda  06200 NICE,['Tél. : 04 93 53 26 26'],Provence-Alpes-Côte dAzur,Nice
Orchestre Comeback,Information non trouvée,,,['Tél. : 06 16 03 73 45'],Provence-Alpes-Côte dAzur,Nice
Votre Griffe Culinaire en Provence,Information non trouvée,24.00,"13,chemin du mas lafont  13160 CHATEAURENARD",['Tél. : 06.72.11.06.26'],Provence-Alpes-Côte dAzur,Nice
Votre Traiteur de Luxe pour Mariage,Information non trouvée,45.00,"13,chemin du mas lafont  13160 CHATEAURENARD",['Tél. : 06.72.11.06.26'],Provence-Alpes-Côte dAzur,Nice
Menus de Réveillon,Information non trouvée,30.00,"13,chemin du mas lafont  13160 CHATEAURENARD",['Tél. : 06.72.11.06.26'],Provence-Alpes-Côte dAzur,Nice
Dj animation de soirée de mariage,Information non trouvée,,,['Tél. : 06.89.42.96.19'],Provence-Alpes-Côte dAzur,Nice
Photographe de Mariage en région PACA,Information non trouvée,195.00,Avenue de Vallauris  06400 CANNES,['Tél. : 0688449713'],Provence-Alpes-Côte dAzur,Nice
Prestation musicale clé en main,Information non trouvée,,13846 VITROLLES CEDEX,['Tél. : 0811030206'],Provence-Alpes-Côte dAzur,Nice
Animation jeux vidéo,Information non trouvée,,,['Tél. : 04 91 44 63 13'],Provence-Alpes-Côte dAzur,Nice
Animation casino,Information non trouvée,,,['Tél. : 04 91 44 63 13'],Provence-Alpes-Côte dAzur,Nice
Animation Poker,Information non trouvée,,,['Tél. : 04 91 44 63 13'],Provence-Alpes-Côte dAzur,Nice
Traiteur barbecue argentin,Information non trouvée,35 euros,6 passage Lavoisier  69300 CALUIRE-ET-CUIRE,['Tél. : 06 07 26 56 84'],Rhône,Lyon
L'animation silhouettiste : Transformez votre événement en un moment inoubliable,Information non trouvée,300,34 rue des tables claudiennes  69001 LYON,[],Rhône,Lyon
Team Building magique,Information non trouvée,1500,3 bis rue de la roseraie  3 BIS,['Tél. : +33677596377'],Rhône,Lyon
Spectacle : Back to 1930,Information non trouvée,,,['Tél. : 06 27 49 43 31'],Rhône,Lyon
"Organisation de vos évènements privés (mariage, anniversaire etc...)",Information non trouvée,,,['Tél. : 0684931808'],Rhône,Lyon
Organisation de votre mariage,Information non trouvée,2000€,25 rue Frédéric Mistral  69300 CALUIRE ET CUIRE,['Tél. : 0684931808'],Rhône,Lyon
Organisation de vos évènements professionnels,Information non trouvée,,,['Tél. : 0684931808'],Rhône,Lyon
Animation sucette pour Particuliers et Entreprises,Information non trouvée,,,['Tél. : 0652313326'],Rhône,Lyon
Conception stand pour salon professionnel,Information non trouvée,Sur devis,133 Chemin de Beauversant  69230 SAINT-GENIS-LAVAL,['Tél. : 0428296388'],Rhône,Lyon
Location et vente écran géant LED,Information non trouvée,Devis sur demande - prix variable selon lieu/taille de l'écran/durée,133 Chemin de Beauversant  69230 SAINT-GENIS-LAVAL,['Tél. : 0428296388'],Rhône,Lyon
Animation accordéon New Guinguette - Swing,Information non trouvée,,,['Tél. : 0660540778'],Rhône,Lyon
L'essentiel,Information non trouvée,750,Clos les Sarrazins  69620 LEGNY,['Tél. : 0660964475'],Rhône,Lyon
Photographe Evénementiel d'Entreprise,Information non trouvée,,,['Tél. : 06 03 68 35 42'],Rhône,Lyon
Osez le golf,Information non trouvée,1000e ht,17 rue de la bannière  69003 LYON,['Tél. : 0671284709'],Rhône,Lyon
Anniversaires enfants,Information non trouvée,145,55 route de jonage  69330 PUSIGNAN,['Tél. : 0686846987'],Rhône,Lyon
Animation Bar à Cocktail Soirée Entreprise Lyon - Fin Pallet,Information non trouvée,"3,5",6 rue Dumenge  69004 LYON,['Tél. : 0780907810'],Rhône,Lyon
Animation mariage originale Lyon - Bar à Cocktails Fin Pallet,Information non trouvée,"3,5",6 rue Dumenge  69004 LYON,['Tél. : 0780907810'],Rhône,Lyon
Bar a cocktail innovant pour soirée d'entreprise à Lyon,Information non trouvée,"3,5",6 rue Dumenge  69004 LYON,['Tél. : 0780907810'],Rhône,Lyon
Photographe région Auvergne-Rhône-Alpes,Information non trouvée,200€,PRÉ JOLI  69210 LENTILLY,['Tél. : 0672950831'],Rhône,Lyon
Location & Vente de matériels audiovisuels et tactiles,Information non trouvée,99,51 Avenue Jean Jaures  69007 LYON,['Tél. : 0967154686'],Rhône,Lyon
Les Nymphéas,Information non trouvée,1 500 € HT environ,c/o Sur Mesure Spectacles  58 Chemin du Murger à Jamais,['Tél. : 06 63 08 25 53'],Rhône,Lyon
Animations ludiques,Information non trouvée,,,['Tél. : 0679476200'],Rhône,Lyon
Location écran géant Lyon Rhone-Alpes,Information non trouvée,1500HT,15 boulevard des oiseaux  15 boulevard des oiseaux,['Tél. : 0613926069'],Rhône,Lyon
Opérette : Un Trésor Beaujolais,Information non trouvée,1200 euros,31 rue Lamartine  69380 CHAZAY D'AZERGUES,['Tél. : 0478436962'],Rhône,Lyon
Solutions Internet Temporaires,Information non trouvée,99,9 quai André Lassagne  69001 LYON,['Tél. : 0428280528'],Rhône,Lyon
Spectacle de danses - Danses du Monde et Urbaines,Information non trouvée,150 euros,des cerisiers  69001 LYON,['Tél. : 0614186382'],Rhône,Lyon
"DJ avec chanteuse, danseuses, violoniste et chanteur",Information non trouvée,,,['Tél. : 0613926069'],Rhône,Lyon
"Musidea, spectacles et artistes pour animer votre événement en musique et danse",Information non trouvée,,,['Tél. : 06 20 35 42 25'],Rhône,Lyon
Spectacle Revue cabaret à thèmes pour vos événements prestigieux !,Information non trouvée,,,['Tél. : 0620354225'],Rhône,Lyon
"Comic Fabrique, spectacle humoristique pour jeune public",Information non trouvée,,,['Tél. : 06 20 35 42 25'],Rhône,Lyon
Soprano pour cérémonie de mariage,Information non trouvée,250 euros,31 rue Lamartine  31 rue Lamartine,['Tél. : 0688093418'],Rhône,Lyon
L'Opérette en fête,Information non trouvée,230.00,31 rue Lamartine  69380 CHAZAY D'AZERGUES,['Tél. : 0478436962'],Rhône,Lyon
Recherche et négociation de lieux,Information non trouvée,,,['Tél. : 0623327674'],Rhône,Lyon
Récital-spectacle La Route des Vins,Information non trouvée,250.00,31 rue Lamartine  69380 CHAZAY D'AZERGUES,['Tél. : 0478436962'],Rhône,Lyon
"Spectacle junior ""Le Clown et la Diva""",Information non trouvée,650.00,31 rue Lamartine  69380 CHAZAY D'AZERGUES,['Tél. : 0478436962'],Rhône,Lyon
Votre film de mariage en Rhône-Alpes,Information non trouvée,500.00,21 allée des Dombes  69330 JONAGE,['Tél. : 0664432744'],Rhône,Lyon
Faire-part sur mesure / unique / personnalisé / original,Information non trouvée,,,['Tél. : 0663176860'],Rhône,Lyon
Animation DJ Lyon - Sonolune Animation,Information non trouvée,,,['Tél. : 0617691815'],Rhône,Lyon
Animation musicale à Lyon et sa région | mariage anniversaire,Information non trouvée,,,['Tél. : 0616188280'],Rhône,Lyon
Magicien grenoble magicien pour enfants isere 38,Information non trouvée,,,['Tél. : 0661534781'],Rhône,Lyon
Un magicien a Aix les Bains (73),Information non trouvée,,,['Tél. : 0661534781'],Rhône,Lyon
Magie en Savoie (73) - Magicien close-up,Information non trouvée,,,['Tél. : 0661534781'],Rhône,Lyon
Sculpture de ballons et magie enfants en Savoie (73),Information non trouvée,,,['Tél. : 0661534781'],Rhône,Lyon
Incroyables Juliette et Nuts,Information non trouvée,,,['Tél. : 06 46 68 63 38'],Centre-Val de Loire,Orléans
Gueux à Chiens,Information non trouvée,,,['Tél. : 06 46 68 63 38'],Centre-Val de Loire,Orléans
Oies Sacrées,Information non trouvée,,,['Tél. : 06 46 68 63 38'],Centre-Val de Loire,Orléans
Moutons Sacrés,Information non trouvée,,,['Tél. : 06 46 68 63 38'],Centre-Val de Loire,Orléans
La famille Déprés et les Moutons d'Ouessant,Information non trouvée,,,['Tél. : 06 46 68 63 38'],Centre-Val de Loire,Orléans
La famille Déprés et les Oies Savantes,Information non trouvée,,,['Tél. : 06 46 68 63 38'],Centre-Val de Loire,Orléans
Les Chiens font leur Cinéma,Information non trouvée,,,['Tél. : 06 46 68 63 38'],Centre-Val de Loire,Orléans
Joke trio,Information non trouvée,900€,291 chemin des pouillots  45500 SAINT BRISSON SUR LOIRE,['Tél. : 0681981509'],Centre-Val de Loire,Orléans
Spectacle cabaret revue cabaret,Information non trouvée,3900,ZA LES CHAMPS D'AVAIL  36100 SAINT GEORGES SUR ARNON,['Tél. : 0698850385'],Centre-Val de Loire,Orléans
Parade de Noël lumineuse,Information non trouvée,1500,1 bis boulevard Franklin Roosevelt  36100 ISSOUDUN,['Tél. : 0698850385'],Centre-Val de Loire,Orléans
Organisation arbre de Noël,Information non trouvée,1000,ZA champs d'Avail  36100 SAINT GEORGE SUR ARNON,[],Centre-Val de Loire,Orléans
Père Noël professionnel,Information non trouvée,300,ZA champs d'avail  36100 ISSOUDUN,['Tél. : 0698850385'],Centre-Val de Loire,Orléans
Les Papys Rockers,Information non trouvée,900€,291 chemin des pouillots  45500 SAINT BRISSON SUR LOIRE,['Tél. : 0681981509'],Centre-Val de Loire,Orléans
Mise à disposition d'animaux,Information non trouvée,,,['Tél. : 0658886701'],Centre-Val de Loire,Orléans
Animation Karaoké,Information non trouvée,Consultez note site web,"15, Rue de la Croix du Jubilé  45760 VENNECY",['Tél. : 0767589128'],Centre-Val de Loire,Orléans
Orchestre de variéte,Information non trouvée,Consultez note site web,"15, Rue de la Croix du Jubilé  45760 VENNECY",['Tél. : 0767589128'],Centre-Val de Loire,Orléans
Groupe Pop/Rock,Information non trouvée,Consultez note site web,"15, Rue de la Croix du Jubilé  45760 VENNECY",['Tél. : 0767589128'],Centre-Val de Loire,Orléans
Orgue de Barbarie New Generation,Information non trouvée,Consultez note site web,"15, Rue de la Croix du Jubilé  45760 VENNECY",['Tél. : 0767589128'],Centre-Val de Loire,Orléans
Chanteur / Animateur,Information non trouvée,Consultez note site web,"15, Rue de la Croix du Jubilé  45760 VENNECY",['Tél. : 0767589128'],Centre-Val de Loire,Orléans
Duo Musiciens / Chanteurs,Information non trouvée,Consultez note site web,"15, Rue de la Croix du Jubilé  45760 VENNECY",['Tél. : 0767589128'],Centre-Val de Loire,Orléans
DJ / Chanteur,Information non trouvée,Consultez note site web,"15, Rue de la Croix du Jubilé  45760 VENNECY",['Tél. : 0767589128'],Centre-Val de Loire,Orléans
Spectacle Cabaret,Information non trouvée,Consultez note site web,"15, Rue de la Croix du Jubilé  45760 VENNECY",['Tél. : 0767589128'],Centre-Val de Loire,Orléans
Décoration Arche Ballons Magasins,Information non trouvée,150€,19 lieu dit Grandvilliers  45330 MAINVILLIERS,['Tél. : 0786719411'],Centre-Val de Loire,Orléans
Location Machine Barbe à Papa,Information non trouvée,30€,19 lieu dit Grandvilliers  45330 MAINVILLIERS,['Tél. : 0786719411'],Centre-Val de Loire,Orléans
Location Machine Popcorn,Information non trouvée,30€,19 lieu dit Grandvilliers  45330 MAINVILLIERS,['Tél. : 0786719411'],Centre-Val de Loire,Orléans
Location de déguisements,Information non trouvée,10€,19 lieu dit Grandvilliers  45330 MAINVILLIERS,[],Centre-Val de Loire,Orléans
Spectacles de Rue Déambulation et Parades,Information non trouvée,,,['Tél. : 0642727234'],Centre-Val de Loire,Orléans
Animation Arbre de Noël,Information non trouvée,,,['Tél. : 0642727234'],Centre-Val de Loire,Orléans
Soirée Casino,Information non trouvée,,,['Tél. : 0642727234'],Centre-Val de Loire,Orléans
Véhicules en tout genre,Information non trouvée,200,2 rue du nord  28190 SAINT ARNOULT DES BOIS,['Tél. : 0684001129'],Centre-Val de Loire,Orléans
Animation maquillage de fantaisie,Information non trouvée,25 €,38 grande rue  28130 VILLIERS LE MORHIER,['Tél. : 0608001503'],Centre-Val de Loire,Orléans
Groupe de jazz manouche sur mesure du duo au sextet,Information non trouvée,,,['Tél. : 0683354092'],Centre-Val de Loire,Orléans
Farandole à Pattes,Information non trouvée,800,1200 rue de l'orme au coin  45770 SARAN,['Tél. : 06 88 59 94 61'],Centre-Val de Loire,Orléans
Chansons détournées et sketches humoristiques,Information non trouvée,1€,291 Chemin des Pouillots  45500 ST BRISSON SUR LOIRE,['Tél. : 02.38.36.79.52'],Centre-Val de Loire,Orléans
Mechants Sons;  théatre d'humour musical,Information non trouvée,,,['Tél. : 02.38.36.79.52'],Centre-Val de Loire,Orléans
"Music hall pour les 6/12 ans ""La Puce à l'Oreille""",Information non trouvée,800.00,291 chemin des pouillots  45500 SAINT BRISSON SUR LOIRE,['Tél. : 0681981509'],Centre-Val de Loire,Orléans
Jazz en Java,Information non trouvée,820.00,"1, rue du baron  45000 ORLÉANS",['Tél. : 0645359483'],Centre-Val de Loire,Orléans
Au plus pres des étoiles,Information non trouvée,650.00,"1, rue du Baron  45000 ORLÉANS",['Tél. : 0645359483'],Centre-Val de Loire,Orléans
Groupe de jazz pour événementiel haut de gamme - Cool'in Jazz,Information non trouvée,,,['Tél. : 0247647538'],Centre-Val de Loire,Orléans
Caricaturiste pour votre événement partout en France,Information non trouvée,,,['Tél. : 0247647538'],Centre-Val de Loire,Orléans
Nuit de noces dans les Arbres!,Information non trouvée,,,['Tél. : 0247420890'],Centre-Val de Loire,Orléans
Enterrement de vie de jeune fille ou garçon...dans les Arbres!,Information non trouvée,,,['Tél. : 0247420890'],Centre-Val de Loire,Orléans
Pour un mariage original et atypique !,Information non trouvée,,,['Tél. : 0247420890'],Centre-Val de Loire,Orléans
Votre mariage dans les Arbres : L'amour et la Nature pour témoin !,Information non trouvée,,,['Tél. : 0247420890'],Centre-Val de Loire,Orléans
Atelier culinaire dans le 37,Information non trouvée,,,['Tél. : 0247502974'],Centre-Val de Loire,Orléans
Animation sonorisation,Information non trouvée,,,['Tél. : 0698655500'],Centre-Val de Loire,Orléans
Les Aventures de Peutibou le marabout,Information non trouvée,500,1200 rue de l'orme au coin  45770 SARAN,['Tél. : 0688599461'],Centre-Val de Loire,Orléans
Hommage aux interprètes féminines des années 50,Information non trouvée,900,1200 rue de l'orme au coin  45770 SARAN,['Tél. : 0688599461'],Centre-Val de Loire,Orléans
La précieuse capricieuse,Information non trouvée,1400,1200 rue de l'orme au coin  45770 SARAN,['Tél. : 0688599461'],Centre-Val de Loire,Orléans
Maquillage et relooking,Information non trouvée,200.00,424 les étangs de béon  45210 BAZOCHES SUR LE BETZ,['Tél. : 0608141900'],Centre-Val de Loire,Orléans
"Chasse aux trésors ""au pays des merveilles""",Information non trouvée,1000.00,424 les étangs de béon  45210 BAZOCHES SUR LE BETZ,['Tél. : 0608141900'],Centre-Val de Loire,Orléans
"Impro théâtre ""Personnages en veux-tu ? en voilà !""",Information non trouvée,350.00,424 les étangs de béon  45210 BAZOCHES SUR LE BETZ,['Tél. : 0608141900'],Centre-Val de Loire,Orléans
Seminaire d'entreprise en région centre,Information non trouvée,49.00,rue du Château  37270 ATHEE SUR CHER,['Tél. : 0247502974'],Centre-Val de Loire,Orléans
Soirée oenologique en Indre et Loire,Information non trouvée,49.00,rue du Château  37270 ATHEE SUR CHER,['Tél. : 0247502974'],Centre-Val de Loire,Orléans
Feux d'artifices J.G Pyrotechnie,Information non trouvée,300.00,Le Tertre Masnier  28400 NOGENT LE ROTROU,['Tél. : 0633444622'],Centre-Val de Loire,Orléans
Animations et spectacles de prestige,Information non trouvée,,,['Tél. : 0247647538'],Centre-Val de Loire,Orléans
Duo guitare et voix - Sweety Song,Information non trouvée,,,['Tél. : 0247647538'],Centre-Val de Loire,Orléans
